{"cameraMode":{"drawMode":0,"name":"Shaded","section":"Shading Mode"},"sceneLighting":false,"audioPlay":false,"sceneViewState":{"showFog":true,"showMaterialUpdate":true,"showSkybox":true,"showFlares":true,"showImageEffects":true,"showParticleSystems":true},"in2DMode":false,"pivot":{"x":0.0,"y":-55.63999938964844,"z":-6.899999618530273},"rotation":{"x":0.5749760866165161,"y":-0.10841547697782517,"z":0.07721860706806183,"w":0.8072705268859863},"size":23.852636337280275,"orthographic":false}