{"cameraMode":{"drawMode":0,"name":"Shaded","section":"Shading Mode"},"sceneLighting":true,"audioPlay":false,"sceneViewState":{"showFog":true,"showMaterialUpdate":true,"showSkybox":true,"showFlares":true,"showImageEffects":true,"showParticleSystems":true},"in2DMode":false,"pivot":{"x":0.470333456993103,"y":0.22996163368225099,"z":-0.278900146484375},"rotation":{"x":-0.3953665494918823,"y":-0.22342738509178163,"z":0.09977883100509644,"w":-0.8853368163108826},"size":3.590230941772461,"orthographic":false}