{"cameraMode":{"drawMode":0,"name":"Shaded","section":"Shading Mode"},"sceneLighting":false,"audioPlay":false,"sceneViewState":{"showFog":true,"showMaterialUpdate":false,"showSkybox":true,"showFlares":true,"showImageEffects":true,"showParticleSystems":true},"in2DMode":false,"pivot":{"x":402.28485107421877,"y":226.51312255859376,"z":-0.1236514300107956},"rotation":{"x":-0.08290378749370575,"y":0.9031193256378174,"z":-0.2027229219675064,"w":-0.3693317174911499},"size":78.4208984375,"orthographic":false}